USE DB001;

DELETE FROM DB001.ITEM;
DELETE FROM DB001.PRODUTO;
DELETE FROM DB001.PEDIDO;
DELETE FROM DB001.CLIENTE;
DELETE FROM DB001.CATEGORIA;
DELETE FROM DB001.CIDADE;

INSERT INTO DB001.Cidade (COD_CID, NOME, COD_EXCLUSAO) VALUES (1, 'Bento Goncalves', false);
INSERT INTO DB001.Cidade (COD_CID, NOME, COD_EXCLUSAO) VALUES (2, 'Garibaldi', false);
INSERT INTO DB001.Cidade (COD_CID, NOME, COD_EXCLUSAO) VALUES (3, 'Veranopolis', false);
INSERT INTO DB001.Cidade (COD_CID, NOME, COD_EXCLUSAO) VALUES (4, 'Nova Prata', false);

INSERT INTO DB001.Cliente (COD_CLI, NOME, COD_CID) VALUES (1, 'Rogerio', 1);
INSERT INTO DB001.Cliente (COD_CLI, NOME, COD_CID) VALUES (2, 'Diogo', 1);
INSERT INTO DB001.Cliente (COD_CLI, NOME, COD_CID) VALUES (3, 'Andrei', 4);
INSERT INTO DB001.Cliente (COD_CLI, NOME, COD_CID) VALUES (4, 'Adriano', 1);
INSERT INTO DB001.Cliente (COD_CLI, NOME, COD_CID) VALUES (5, 'Evandro', 1);
INSERT INTO DB001.Cliente (COD_CLI, NOME, COD_CID) VALUES (6, 'Giovani', 1);
INSERT INTO DB001.Cliente (COD_CLI, NOME, COD_CID) VALUES (7, 'Rodrigo', 1);
INSERT INTO DB001.Cliente (COD_CLI, NOME, COD_CID) VALUES (8, 'Joao', 2);
INSERT INTO DB001.Cliente (COD_CLI, NOME, COD_CID) VALUES (9, 'Pedro', 2);
INSERT INTO DB001.Cliente (COD_CLI, NOME, COD_CID) VALUES (10, 'Marines', 3);
INSERT INTO DB001.Cliente (COD_CLI, NOME, COD_CID) VALUES (11, 'Fernanda', 3);

INSERT INTO DB001.Categoria (COD_CAT, DESCR) VALUES (1, 'CDs');
INSERT INTO DB001.Categoria (COD_CAT, DESCR) VALUES (2, 'DVDs');
INSERT INTO DB001.Categoria (COD_CAT, DESCR) VALUES (3, 'Livros');


INSERT INTO DB001.Produto (COD_PRD, DESCR, PRECO, COD_CAT) VALUES (1, 'CD Led Zeppelin', 20, 1);
INSERT INTO DB001.Produto (COD_PRD, DESCR, PRECO, COD_CAT) VALUES (2, 'CD Allman Brothers', 20, 1);
INSERT INTO DB001.Produto (COD_PRD, DESCR, PRECO, COD_CAT) VALUES (3, 'CD The Corrs', 22, 1);
INSERT INTO DB001.Produto (COD_PRD, DESCR, PRECO, COD_CAT) VALUES (4, 'DVD Matrix Reloaded', 60, 2);
INSERT INTO DB001.Produto (COD_PRD, DESCR, PRECO, COD_CAT) VALUES (5, 'DVD Sci-Fi Essentials', 55, 2);
INSERT INTO DB001.Produto (COD_PRD, DESCR, PRECO, COD_CAT) VALUES (6, 'DVD X-Men 2', 50, 2);
INSERT INTO DB001.Produto (COD_PRD, DESCR, PRECO, COD_CAT) VALUES (7, 'Java Core 2', 110, 3);
INSERT INTO DB001.Produto (COD_PRD, DESCR, PRECO, COD_CAT) VALUES (8, 'Thinking in Java', 90, 3);
INSERT INTO DB001.Produto (COD_PRD, DESCR, PRECO, COD_CAT) VALUES (9, 'Red Hat Linux 9 Bible', 130, 3);
INSERT INTO DB001.Produto (COD_PRD, DESCR, PRECO, COD_CAT) VALUES (10, 'Windows XP for Dummies', 50, 3);
INSERT INTO DB001.Produto (COD_PRD, DESCR, PRECO, COD_CAT) VALUES (11, 'Design Patterns', 70, 3);

INSERT INTO DB001.Pedido (NRO_PED, DATA, COD_CLI) VALUES (1, '2003-01-01', 1);
INSERT INTO DB001.Pedido (NRO_PED, DATA, COD_CLI) VALUES (2, '2003-02-01', 1);
INSERT INTO DB001.Pedido (NRO_PED, DATA, COD_CLI) VALUES (3, '2003-03-01', 1);
INSERT INTO DB001.Pedido (NRO_PED, DATA, COD_CLI) VALUES (4, '2003-03-01', 2);
INSERT INTO DB001.Pedido (NRO_PED, DATA, COD_CLI) VALUES (5, '2003-04-01', 3);
INSERT INTO DB001.Pedido (NRO_PED, DATA, COD_CLI) VALUES (6, '2003-04-01', 4);
INSERT INTO DB001.Pedido (NRO_PED, DATA, COD_CLI) VALUES (7, '2003-04-01', 5);
INSERT INTO DB001.Pedido (NRO_PED, DATA, COD_CLI) VALUES (8, '2003-04-01', 5);
INSERT INTO DB001.Pedido (NRO_PED, DATA, COD_CLI) VALUES (9, '2003-04-01', 5);

INSERT INTO DB001.Item (NRO_PED, NRO_ITEM, COD_PRD, QTDE) VALUES (1, 1, 1, 1);
INSERT INTO DB001.Item (NRO_PED, NRO_ITEM, COD_PRD, QTDE) VALUES (1, 2, 2, 2);
INSERT INTO DB001.Item (NRO_PED, NRO_ITEM, COD_PRD, QTDE) VALUES (2, 1, 3, 3);
INSERT INTO DB001.Item (NRO_PED, NRO_ITEM, COD_PRD, QTDE) VALUES (2, 2, 4, 1);
INSERT INTO DB001.Item (NRO_PED, NRO_ITEM, COD_PRD, QTDE) VALUES (3, 1, 1, 1);
INSERT INTO DB001.Item (NRO_PED, NRO_ITEM, COD_PRD, QTDE) VALUES (4, 1, 2, 1);
INSERT INTO DB001.Item (NRO_PED, NRO_ITEM, COD_PRD, QTDE) VALUES (5, 1, 2, 1);
INSERT INTO DB001.Item (NRO_PED, NRO_ITEM, COD_PRD, QTDE) VALUES (6, 1, 5, 3);
INSERT INTO DB001.Item (NRO_PED, NRO_ITEM, COD_PRD, QTDE) VALUES (7, 1, 7, 1);
INSERT INTO DB001.Item (NRO_PED, NRO_ITEM, COD_PRD, QTDE) VALUES (7, 2, 6, 1);
INSERT INTO DB001.Item (NRO_PED, NRO_ITEM, COD_PRD, QTDE) VALUES (8, 1, 5, 5);
INSERT INTO DB001.Item (NRO_PED, NRO_ITEM, COD_PRD, QTDE) VALUES (8, 2, 8, 1);
